config_name,question,ground_truth,answer,ttft_seconds,total_seconds,token_count,tokens_per_second,faithfulness,answer_relevancy,answer_correctness,context_precision,context_recall,answer_valid,custom_hit@1,custom_ndcg@1,custom_recall@1,custom_hit@3,custom_ndcg@3,custom_recall@3,custom_hit@5,custom_ndcg@5,custom_recall@5,custom_context_relevance,custom_rouge_l,custom_bleu,custom_meteor,custom_bert_score_precision,custom_bert_score_recall,custom_bert_score_f1
recursive_cs1000_co100_nomic-embed-text:latest_Qwen/Qwen3-32B-AWQ_detailed,what circuit court is maryland,The Circuit Courts of Maryland are the state trial courts of general jurisdiction in Maryland.,"Maryland is divided into eight judicial circuits, each of which includes two or more counties, with the exception of the Eighth Circuit, which consists solely of Baltimore City. Each of these circuits has its own Circuit Court. The Circuit Courts of Maryland are the state's trial courts of general jurisdiction and serve as the highest courts of record in the state for original jurisdiction in civil and criminal matters. They handle a wide range of cases, including divorce, family law, and cases ",2.042688250000083,3.1601653870002337,0,0,0.9166666666666666,,,,,True,1.0,1.0,0.125,1.0,1.0,0.375,1.0,1.0,0.625,0.5782565103867443,0.21875,0.08647197994193251,0.485573476702509,0.9467307329177856,0.9870907068252563,0.9664895518514715
recursive_cs1000_co100_nomic-embed-text:latest_Qwen/Qwen3-32B-AWQ_detailed,What happened during the Starving Time in Jamestown?,There is scientific evidence that the settlers at Jamestown had turned to cannibalism during the starving time.,"The provided context does not mention or provide information about the Starving Time in Jamestown. Therefore, it is not possible to answer the question based on the given context.",1.2568123380001452,1.2626624800000172,0,0,1.0,,,,,False,1.0,1.0,0.125,1.0,1.0,0.375,1.0,1.0,0.625,0.70423496348733,0.0,0.0,0.0,0.0,0.0,0.0
recursive_cs1000_co100_nomic-embed-text:latest_Qwen/Qwen3-32B-AWQ_detailed,how many members are in the house of representatives,The total number of voting representatives is fixed by law at 435.,"The United States House of Representatives has 435 voting members. This number has been fixed since 1911 pursuant to the Apportionment Act of 1911 and was later reinforced by the Reapportionment Act of 1929. The number was temporarily increased to 437 in 1959 when Alaska and Hawaii were admitted to the Union, but it returned to 435 in 1963 after reapportionment following the 1960 census. In addition to these voting members, there are five non-voting delegates representing the District of Columbi",2.1199815270001636,3.0252052710002317,0,0,0.8571428571428571,,,,,True,1.0,1.0,0.125,1.0,1.0,0.375,1.0,1.0,0.625,0.6433506087671402,0.11214953271028039,0.0,0.3109605911330049,0.9477253556251526,0.9768906235694885,0.9620870071095255
recursive_cs1000_co100_nomic-embed-text:latest_Qwen/Qwen3-32B-AWQ_detailed,Where Elephants Live,"Elephants are scattered throughout sub-Saharan Africa , and South and Southeast Asia .","The provided context does not contain any information about where elephants live. Therefore, it is not possible to answer the question based on the given context.",1.1565899319998607,1.1614354519997505,0,0,1.0,,,,,False,1.0,1.0,0.125,1.0,1.0,0.375,1.0,1.0,0.625,0.7235408601078903,0.0,0.0,0.0,0.0,0.0,0.0
recursive_cs1000_co100_nomic-embed-text:latest_Qwen/Qwen3-32B-AWQ_detailed,WHAT IS A FY QUARTER,"A fiscal year (or financial year, or sometimes budget year) is a period used for calculating annual (""yearly"") financial statements in businesses and other organizations.","The provided context does not contain information about fiscal quarters (FY quarters). Therefore, I cannot provide an answer based on the given context.",1.17090101399981,1.1754467629998544,0,0,0.6666666666666666,,,,,False,1.0,1.0,0.125,1.0,1.0,0.375,1.0,1.0,0.625,0.7170013936861999,0.0,0.0,0.0,0.0,0.0,0.0
recursive_cs1000_co100_nomic-embed-text:latest_Qwen/Qwen3-32B-AWQ_detailed,what is homebrew for wii,"In more general terms, Wii Homebrew refers to the use of the Wii 's hardware, accessories and software for purposes outside those intended by the manufacturer.","Homebrew for the Wii refers to unofficial software or applications developed by enthusiasts and independent programmers that are not officially sanctioned by Nintendo. These applications can include games, tools, media players, and other utilities that extend the functionality of the Wii console beyond what is provided by official software. 

On the Wii, homebrew applications are typically run through the **Homebrew Channel**, a custom application that allows users to launch these unofficial pro",1.8465291219999926,3.730053723999845,0,0,0.4,,,,,True,1.0,1.0,0.125,1.0,1.0,0.375,1.0,1.0,0.625,0.6026023358014256,0.10404624277456648,0.0,0.34448818897637795,0.9447986483573914,0.9648483991622925,0.9547182706692614
recursive_cs1000_co100_nomic-embed-text:latest_Qwen/Qwen3-32B-AWQ_detailed,Who was Daniel J Daly?,"Sergeant Major Daniel Joseph ""Dan"" Daly (November 11, 1873 – April 27, 1937) was a United States Marine and one of only nineteen men (including seven Marines) to have received the Medal of Honor twice","The provided context does not mention Daniel J. Daly, so no information can be given about him based on the given text.",1.0561540469998363,1.060488781999993,0,0,1.0,,,,,False,1.0,1.0,0.125,1.0,1.0,0.375,1.0,1.0,0.625,0.6544069832947453,0.0,0.0,0.0,0.0,0.0,0.0
recursive_cs1000_co100_nomic-embed-text:latest_Qwen/Qwen3-32B-AWQ_detailed,when did marlins start,The Miami Marlins began play in the 1993 season as the Florida Marlins.,"The Florida Marlins, now known as the Miami Marlins, started as a Major League Baseball team in 1993. They were established as an expansion team and began play in the 1993 season.",1.6767714860002343,1.6841741210000691,0,0,0.0,,,,,True,1.0,1.0,0.125,1.0,1.0,0.375,1.0,1.0,0.625,0.5147107423090049,0.4,0.22818980286180746,0.8295937413128947,0.9755647778511047,0.9916512966156006,0.9835422650771266
recursive_cs1000_co100_nomic-embed-text:latest_Qwen/Qwen3-32B-AWQ_detailed,what is the ingredient in mustard,"Mustard (or yellow sauce) is a condiment made from the seeds of a mustard plant (white or yellow mustard, Sinapis hirta ; brown or Indian mustard, Brassica juncea ; or black mustard, B. nigra ).","The primary ingredient in mustard is the seeds of the mustard plant, which can be white/yellow mustard (Sinapis alba), brown mustard (Brassica juncea), or black mustard (Brassica nigra). These whole, ground, cracked, or bruised mustard seeds are mixed with liquids such as water, vinegar, lemon juice, wine, or other acidic substances. Additional ingredients often include salt and various flavorings or spices to create a paste or sauce. The taste of mustard can range from sweet to spicy, depending",1.9876885170001515,2.6086211730003015,0,0,1.0,,,,,True,1.0,1.0,0.125,1.0,1.0,0.375,1.0,1.0,0.625,0.686825847809166,0.28813559322033894,0.08834799792001209,0.5594502795103262,0.9595677256584167,0.9775679111480713,0.9684841880493582
recursive_cs1000_co100_nomic-embed-text:latest_Qwen/Qwen3-32B-AWQ_detailed,what were 3 important things that douglas MacArthur did?,"He officially accepted Japan's surrender on 2 September 1945, and oversaw the occupation of Japan from 1945 to 1951.","The provided context does not mention Douglas MacArthur or any of his accomplishments. Therefore, based on the given information, it is not possible to answer the question about three important things that Douglas MacArthur did.",1.5725436570000966,1.5794947489998776,0,0,1.0,,,,,False,1.0,1.0,0.125,1.0,1.0,0.375,1.0,1.0,0.625,0.5605692706397151,0.0,0.0,0.0,0.0,0.0,0.0
recursive_cs1000_co100_nomic-embed-text:latest_Qwen/Qwen3-32B-AWQ_detailed,what is active learning strategies,Active learning is an umbrella term that refers to several models of instruction that focus the responsibility of learning on learners.,"Active learning strategies are educational approaches that involve students in the learning process through active participation rather than passive listening. These strategies emphasize learner-centered activities that require students to engage in tasks such as reading, writing, discussing, problem-solving, and reflecting on their learning. The goal is to enhance higher-order thinking skills, including analysis, synthesis, and evaluation, while promoting deeper understanding and content master",1.9840619520000473,5.7817612550002195,0,0,0.6666666666666666,,,,,True,1.0,1.0,0.125,1.0,1.0,0.375,1.0,1.0,0.625,0.6944242352472905,0.05904059040590406,0.0,0.18194996140740596,0.9385695457458496,0.9601104259490967,0.9492177931855059
recursive_cs1000_co100_nomic-embed-text:latest_Qwen/Qwen3-32B-AWQ_detailed,what is the formula for calcium nitrate,"Calcium nitrate, also called Norgessalpeter (Norwegian saltpeter), is the inorganic compound with the formula Ca(NO3)2.","The formula for calcium nitrate is Ca(NO₃)₂. It can also exist in hydrated forms, such as the tetrahydrate Ca(NO₃)₂·4H₂O.",1.4804786100003184,1.4873010440001053,0,0,1.0,,,,,True,1.0,1.0,0.125,1.0,1.0,0.375,1.0,1.0,0.625,0.6443231705660505,0.23529411764705882,0.0,0.41213888152663664,0.9461618065834045,0.9668121337890625,0.9563755112675569
recursive_cs1000_co100_nomic-embed-text:latest_Qwen/Qwen3-32B-AWQ_detailed,how long to take iwo jima,"The Battle of Iwo Jima (19 February – 26 March 1945), or Operation Detachment, was a major battle in which the United States Armed Forces fought for and captured the island of Iwo Jima from the Japane","The Battle of Iwo Jima, which began on 19 February 1945, lasted approximately five weeks. U.S. forces fully secured the island by 23 March 1945. The battle was marked by intense fighting and heavy casualties on both sides due to the heavily fortified Japanese defenses.",2.074406892999832,2.0863784150001266,0,0,0.6666666666666666,,,,,True,1.0,1.0,0.125,1.0,1.0,0.375,1.0,1.0,0.625,0.5081171435136942,0.3132530120481927,0.12222357675481307,0.46486575475817254,0.96515953540802,0.9731847643852234,0.9691555366715762
recursive_cs1000_co100_nomic-embed-text:latest_Qwen/Qwen3-32B-AWQ_detailed,what species is a spider,Spiders ( order Araneae) are air-breathing arthropods that have eight legs and chelicerae with fangs that inject venom .,"A spider is any species belonging to the order Araneae. These species are characterized by having eight legs, chelicerae with fangs that can inject venom, and spinnerets that extrude silk. As of August 2022, 50,356 spider species have been recorded, grouped into 132 families and 4,280 genera. Spiders are found worldwide on every continent except Antarctica and are distinguished from other arachnids by features such as spinnerets and, in males, pedipalps adapted for sperm transfer. Examples of sp",1.984433312999954,3.3188454149999416,0,0,0.9375,,,,,True,1.0,1.0,0.125,1.0,1.0,0.375,1.0,1.0,0.625,0.7021108623734935,0.18803418803418803,0.03718860393009979,0.562758014931928,0.9479109644889832,0.9765774607658386,0.9620307096522808
recursive_cs1000_co100_nomic-embed-text:latest_Qwen/Qwen3-32B-AWQ_detailed,how is whooping cough distinguished from similar diseases,"Symptoms are initially mild, and then develop into severe coughing fits, which produce the namesake high-pitched ""whoop"" sound in infected babies and children when they inhale air after coughing.","Whooping cough (pertussis) is distinguished from similar diseases by its characteristic symptoms and clinical features. The illness typically begins with mild respiratory symptoms such as a runny nose, sneezing, and a mild cough (known as the catarrhal stage). After one to two weeks, the cough progresses into severe, uncontrollable fits, often followed by a high-pitched ""whoop"" sound as the person inhales. This ""whoop"" is a key distinguishing feature of pertussis.

Other distinguishing signs inc",1.8887655789999371,6.103155218999746,0,0,0.8,,,,,True,1.0,1.0,0.125,1.0,1.0,0.375,1.0,1.0,0.625,0.639615471718967,0.09022556390977443,0.0,0.28133294423368216,0.9406898617744446,0.9662631154060364,0.953305013124109
recursive_cs1000_co100_nomic-embed-text:latest_Qwen/Qwen3-32B-AWQ_detailed,who wrote the song for star wars,"The music of Star Wars consists of the scores written for all six Star Wars films by composer John Williams from 1977 to 1983 for the Original Trilogy , and 1999 to 2005 for the Prequel Trilogy .","The music for the primary Star Wars films was composed by John Williams. He wrote the scores for nine feature films in the franchise and created a suite and several cues of thematic material for *Solo*, as well as the theme music for the Galaxy's Edge Theme Park. Additionally, other composers have contributed music to various spin-off movies, television series, and other media within the Star Wars universe, including Kevin Kiner, Ludwig Göransson, Natalie Holt, Nicholas Britell, and Ryan Shore.",2.0065190430000257,2.485331349000262,0,0,1.0,,,,,True,1.0,1.0,0.125,1.0,1.0,0.375,1.0,1.0,0.625,0.6020291944513539,0.24137931034482757,0.0,0.49173794930513465,0.9590787291526794,0.9696294665336609,0.964325239652094
recursive_cs1000_co100_nomic-embed-text:latest_Qwen/Qwen3-32B-AWQ_detailed,who are the members of the climax blues band?,"The original members were guitarist/vocalist Peter Haycock , guitarist Derek Holt; keyboardist Arthur Wood; bassist Richard Jones; drummer George Newsome; and lead vocalist and saxophonist Colin Coope","The Climax Blues Band has had several changes in its lineup over the years. Originally formed in 1967, the band included Colin Cooper (vocalist and harmonica player), Pete Haycock (guitarist and vocalist), Derek Holt (guitarist), Richard Jones (bassist and keyboardist), George Newsome (drummer), and Arthur Wood (keyboardist). 

In 1985, the lineup changed with the recruitment of guitarist Lester Hunt, drummer Roy Adams, and original member Derek Holt for the album *Drastic Steps*. By the early 1",2.1291810430002442,4.672090816000036,0,0,1.0,,,,,False,1.0,1.0,0.125,1.0,1.0,0.375,1.0,1.0,0.625,0.5852434535121731,0.0,0.0,0.0,0.0,0.0,0.0
recursive_cs1000_co100_nomic-embed-text:latest_Qwen/Qwen3-32B-AWQ_detailed,how many players on a side for a football game,"It is played by two teams, eleven players to a side, who advance an oval ball over a rectangular field that is 120 yards long by 53.3 yards wide and has goalposts at both ends.","In a football game, there are 11 players on each side on the field at the same time. Each team consists of 11 players who participate in plays, with specific roles such as offensive players, defensive players, and special teams players. The game is played between two teams, and each team fields 11 players during gameplay.",1.8976036460003343,1.9291571900002964,0,0,0.2,,,,,True,1.0,1.0,0.125,1.0,1.0,0.375,1.0,1.0,0.625,0.642447603991656,0.10989010989010989,0.0,0.21529928047938332,0.9559115171432495,0.9600895047187805,0.9579959557194097
recursive_cs1000_co100_nomic-embed-text:latest_Qwen/Qwen3-32B-AWQ_detailed,what is the latest season of psych,"Psych began its seventh season on February 27, 2013.","The latest season of *Psych* is the eighth season, which was confirmed to be the final season on February 5, 2014. The series finale aired on March 26, 2014. Additionally, following the series' conclusion, several TV films were produced, including *Psych: The Movie* (2017), *Psych 2: Lassie Come Home* (2020), and *Psych 3: This Is Gus* (2021). These films serve as continuations of the series but are not part of a new season.",1.8772377919999599,2.879096686000139,0,0,0.7777777777777778,,,,,True,1.0,1.0,0.125,1.0,1.0,0.375,1.0,1.0,0.625,0.5681556161980071,0.07317073170731707,0.0,0.16594516594516595,0.9503501653671265,0.9716668725013733,0.9608903092633431
recursive_cs1000_co100_nomic-embed-text:latest_Qwen/Qwen3-32B-AWQ_detailed,who played the lead roles in the movie leaving las vegas,Nicolas Cage stars as a suicidal alcoholic who has ended his personal and professional life to drink himself to death in Las Vegas .,"In the movie *Leaving Las Vegas*, the lead roles were played by Nicolas Cage and Elisabeth Shue. Nicolas Cage portrayed the suicidal alcoholic character, while Elisabeth Shue played the sex worker with whom his character develops a romantic relationship.",1.6668294900000546,1.675045140000293,0,0,1.0,,,,,True,1.0,1.0,0.125,1.0,1.0,0.375,1.0,1.0,0.625,0.5675692842230422,0.16129032258064516,0.0,0.3116531165311653,0.9577471017837524,0.9700198173522949,0.9638443937593071
recursive_cs1000_co100_nomic-embed-text:latest_Qwen/Qwen3-32B-AWQ_detailed,how did women's role change during the war,"Whether it was on the home front or the front-lines, for civilian or enlisted women, the World Wars started a new era for women's opportunities to contribute in war and be recognized for efforts outsi","During World War II, women's roles underwent significant changes compared to their roles during World War I. In World War I, women primarily served as nurses and homefront workers, but by World War II, their involvement expanded as they took on more active roles in both the military and civilian sectors. The shortage of male recruits forced the military to establish female branches in 1941 and 1942, allowing women to enter roles traditionally reserved for men. Women worked in industries such as ",1.8145590459998857,4.149493464999978,0,0,1.0,,,,,True,1.0,1.0,0.125,1.0,1.0,0.375,1.0,1.0,0.625,0.7067274903605534,0.10426540284360189,0.0,0.22186893203883498,0.9493062496185303,0.9683806896209717,0.9587486068311586
recursive_cs1000_co100_nomic-embed-text:latest_Qwen/Qwen3-32B-AWQ_detailed,who has brad pitt dated,"Following a high-profile relationship with actress Gwyneth Paltrow , Pitt was married to actress Jennifer Aniston for five years.","Brad Pitt has dated several individuals throughout his life, including:

1. **Robin Givens** – He was involved with her during the filming of *Head of the Class* in the late 1980s.
2. **Jill Schoelen** – He dated her during the filming of *Cutting Class*.
3. **Juliette Lewis** – He was involved with her during the filming of *Too Young to Die?* and *Kalifornia*.
4. **Gwyneth Paltrow** – He had a much-publicized romance and engagement with her, dating from 1994 to 1997.
5. **Jennifer Aniston** – ",1.9990259149999474,5.063350385999911,0,0,0.6666666666666666,,,,,True,1.0,1.0,0.125,1.0,1.0,0.375,1.0,1.0,0.625,0.5263324137702995,0.03592814371257485,0.0,0.09646302250803857,0.9464540481567383,0.9733625650405884,0.9597197291387354
recursive_cs1000_co100_nomic-embed-text:latest_Qwen/Qwen3-32B-AWQ_detailed,what is the erb/heart,"In cardiology, Erb's point refers to the third intercostal space on the left sternal border where S2 is best auscultated .","The term ""erb/heart"" is not explicitly defined or discussed in the provided context. However, based on the context, it might be a typographical or interpretational error. If referring to ""Erb's point"" or ""Erb's point auscultation,"" it is a location on the body used in heart auscultation, typically near the second intercostal space at the right sternal border. This is not mentioned in the context provided. If referring to a specific condition or relationship between the heart and another structur",2.085986026000228,3.119289704000039,0,0,0.4444444444444444,,,,,False,1.0,1.0,0.125,1.0,1.0,0.375,1.0,1.0,0.625,0.5067394120788354,0.0,0.0,0.0,0.0,0.0,0.0
recursive_cs1000_co100_nomic-embed-text:latest_Qwen/Qwen3-32B-AWQ_detailed,who makes skittles?,"Skittles is a brand of fruit-flavoured sweets , currently produced and marketed by the Wm. Wrigley Jr. Company , a division of Mars, Inc.","Skittles are made by the British company that was originally known as the ""Galaxy"" company. This company is a subsidiary of Jack Candies Ltd, which is a Mars distribution subsidiary. The commercial production of Skittles began in 1974, and they were later introduced in North America in 1979. Domestic production in the United States started in 1982. Therefore, Skittles are ultimately produced by Mars, Inc., through its subsidiaries.",1.9850834730000315,2.4007816480002475,0,0,0.5714285714285714,,,,,True,1.0,1.0,0.125,1.0,1.0,0.375,1.0,1.0,0.625,0.5730557078346131,0.17777777777777776,0.0,0.3774969969301953,0.9608114957809448,0.9666997790336609,0.9637466434574056
recursive_cs1000_co100_nomic-embed-text:latest_Qwen/Qwen3-32B-AWQ_detailed,who invaded north africa during ww2,"Operation Torch (initially called Operation Gymnast) was the British – American invasion of French North Africa in World War II during the North African Campaign , started on 8 November 1942.","The provided context does not explicitly mention who invaded North Africa during World War II. However, based on historical knowledge outside the given context, North Africa was invaded by the Allied forces during World War II. The invasion, known as Operation Torch, began on November 8, 1942, and was led by the United States and the United Kingdom, with support from Free French forces. The goal of the invasion was to secure North Africa from Axis control and to open a second front in the Medite",2.0934181550001085,2.5092600809998657,0,0,0.125,,,,,False,1.0,1.0,0.125,1.0,1.0,0.375,1.0,1.0,0.625,0.5658027718292488,0.0,0.0,0.0,0.0,0.0,0.0
recursive_cs1000_co100_nomic-embed-text:latest_Qwen/Qwen3-32B-AWQ_detailed,when did qing dynasty begin,"The Qing Dynasty, also Empire of the Great Qing or Great Qing, was the last imperial dynasty of China , ruling from 1644 to 1912 with a brief, abortive restoration in 1917.","The Qing dynasty officially began in 1636 when the Later Jin dynasty, founded by the Manchu leader Nurhaci, was renamed ""Great Qing"" by his son Hong Taiji. This marked the establishment of the Qing dynasty as an empire.",1.5793125190002684,1.588431084000149,0,0,1.0,,,,,True,1.0,1.0,0.125,1.0,1.0,0.375,1.0,1.0,0.625,0.6311655440077221,0.23188405797101447,0.0,0.3167640415881134,0.9641100764274597,0.9663850665092468,0.9652462309884533
recursive_cs1000_co100_nomic-embed-text:latest_Qwen/Qwen3-32B-AWQ_detailed,what county is coatesville indiana located in,"Coatesville is a town in Clay Township , Hendricks County , Indiana , United States .","The provided context does not mention Coatesville, Indiana, or any information about its location within a specific county. Therefore, based on the given context, it is not possible to determine which county Coatesville, Indiana, is located in.",1.6761043420001442,1.6850962710000204,0,0,1.0,,,,,False,1.0,1.0,0.125,1.0,1.0,0.375,1.0,1.0,0.625,0.49987500424252823,0.0,0.0,0.0,0.0,0.0,0.0
recursive_cs1000_co100_nomic-embed-text:latest_Qwen/Qwen3-32B-AWQ_detailed,how many seasons were there of the wire,"The Wire premiered on June 2, 2002, and ended on March 9, 2008, comprising 60 episodes over five seasons.",There were five seasons of *The Wire*.,1.0612432779998926,1.0631241609999051,0,0,1.0,,,,,True,1.0,1.0,0.125,1.0,1.0,0.375,1.0,1.0,0.625,0.5535038408195514,0.15384615384615385,0.0,0.1053370786516854,0.9727876782417297,0.9570348262786865,0.9648469581750297
recursive_cs1000_co100_nomic-embed-text:latest_Qwen/Qwen3-32B-AWQ_detailed,what type of land is savannah,"A savanna, or savannah, is a grassland ecosystem characterized by the trees being sufficiently widely spaced so that the canopy does not close.","Savannah is a type of land characterized by a mixed woodland-grassland ecosystem, where trees are spaced sufficiently apart that the canopy does not close, allowing enough light to reach the ground to support a continuous layer of grasses and other herbaceous plants. This open canopy distinguishes savannas from dense forests. Savannahs can be further categorized into different forms, such as savanna woodland, tree savanna, shrub savanna, and grass savanna, depending on the density and distributi",1.8892240440000023,3.3287837429998035,0,0,1.0,,,,,True,1.0,1.0,0.125,1.0,1.0,0.375,1.0,1.0,0.625,0.6725308823414831,0.1733333333333333,0.05506266417974359,0.5947968009559113,0.9544317126274109,0.9814541339874268,0.9677543245691629
recursive_cs1000_co100_nomic-embed-text:latest_Qwen/Qwen3-32B-AWQ_detailed,what does uncle sam represent to the american people,"Uncle Sam (initials U.S.) is a common national personification of the American government that, according to legend, came into use during the War of 1812 and was supposedly named for Samuel Wilson .","Uncle Sam represents the United States government and the American people themselves. He is a national personification of the U.S., symbolizing patriotism, national identity, and civic duty. The image of Uncle Sam, often depicted as a stern figure with a white beard, wearing a red, white, and blue suit and hat, has been used historically to encourage citizens to support the country, especially during times of war and national emergencies. For example, during both World War I and World War II, Un",1.8060881700002938,3.231356538,0,0,0.05,,,,,True,1.0,1.0,0.125,1.0,1.0,0.375,1.0,1.0,0.625,0.5455709998030407,0.16666666666666669,0.028891921932342832,0.40463466262478437,0.9525128602981567,0.9694744944572449,0.9609188337444597
recursive_cs1000_co100_nomic-embed-text:latest_Qwen/Qwen3-32B-AWQ_detailed,what is the actresses name that played in walk that line?,"The film was nominated for five Academy Awards including Best Actor (Joaquin Phoenix), Best Actress (Reese Witherspoon, which she won), and Best Costume Design ( Arianne Phillips ).","The information provided does not mention the specific actress who played in ""Walk That Line."" Therefore, based on the given context, the name of the actress cannot be determined.",1.984166691000155,1.990239470999768,0,0,1.0,,,,,False,1.0,1.0,0.125,1.0,1.0,0.375,1.0,1.0,0.625,0.5281947280312906,0.0,0.0,0.0,0.0,0.0,0.0
recursive_cs1000_co100_nomic-embed-text:latest_Qwen/Qwen3-32B-AWQ_detailed,where is humboldt ks,"Humboldt is a city situated along the Neosho River in the southwest part of Allen County , located in southeast Kansas , in the Central United States .","Humboldt is a city located in Allen County, Kansas, United States. It is situated along the Neosho River.",0.9604729870002302,0.9648803580003005,0,0,1.0,,,,,True,1.0,1.0,0.125,1.0,1.0,0.375,1.0,1.0,0.625,0.4970178082426069,0.46511627906976744,0.2881889633872004,0.6577932098765432,0.988548755645752,0.9823978543281555,0.9854637071655751
recursive_cs1000_co100_nomic-embed-text:latest_Qwen/Qwen3-32B-AWQ_detailed,who is the founder of twitter,"Twitter was created in March 2006 by Jack Dorsey and by July, the social networking site was launched.","The founder of Twitter is Jack Dorsey. He, along with Noah Glass, Biz Stone, and Evan Williams, created Twitter in March 2006. Dorsey was the one who introduced the idea of using an SMS service for communication and also published the first Twitter message on March 21, 2006, at 12:50 p.m. PST: ""just setting up my twttr.""",2.090339242999562,2.4011229919997277,0,0,0.8333333333333334,,,,,True,1.0,1.0,0.125,1.0,1.0,0.375,1.0,1.0,0.625,0.6526471506957235,0.21333333333333335,0.0,0.378310502283105,0.9605284333229065,0.9767856001853943,0.9685888049232796
recursive_cs1000_co100_nomic-embed-text:latest_Qwen/Qwen3-32B-AWQ_detailed,what is in a hot toddy,"A hot toddy, also hot totty, and hot tottie, is typically a mixed drink made of liquor and water with sugar and spices and served hot.","A hot toddy typically contains a spirit (usually whisky), hot water, and sweeteners such as honey or sugar. Additional ingredients often include lemon slices, herbs (such as tea), and spices like cinnamon or cloves. Variations of the drink may also include maple syrup in Canada or other flavorings depending on the recipe.",1.9920957780000208,2.0028492849996837,0,0,1.0,,,,,True,1.0,1.0,0.125,1.0,1.0,0.375,1.0,1.0,0.625,0.5555159222247085,0.23076923076923078,0.0,0.443841872413301,0.9610006213188171,0.9736427068710327,0.9672803587223064
recursive_cs1000_co100_nomic-embed-text:latest_Qwen/Qwen3-32B-AWQ_detailed,what is the main component of vaccines,"The agent stimulates the body's immune system to recognize the agent as foreign, destroy it, and ""remember"" it, so that the immune system can more easily recognize and destroy any of these microorgani","The main components of vaccines can vary depending on the type of vaccine, but they generally include the following:

1. **Antigen**: This is the primary component of vaccines and is responsible for triggering an immune response. Antigens can be derived from inactivated or attenuated microorganisms, or they can be synthetic peptides, carbohydrates, or proteins. The antigen is what the immune system recognizes and responds to, creating immunity against the specific pathogen.

2. **Adjuvants**: Th",2.184592784000415,6.498195648000092,0,0,0.475,,,,,True,1.0,1.0,0.125,1.0,1.0,0.375,1.0,1.0,0.625,0.6360051180469831,0.0851063829787234,0.0,0.1715137510326744,0.9355677962303162,0.9611896276473999,0.9482056591707757
recursive_cs1000_co100_nomic-embed-text:latest_Qwen/Qwen3-32B-AWQ_detailed,what is general chu chicken,"General Tso's chicken (sometimes Governor Tso's chicken, General Gau's chicken, General Tao's chicken, General Tsao's chicken, General Tong's chicken, General Tang's chicken or simply General's Chicke","General Tso's chicken is a sweet and spicy deep-fried chicken dish commonly served in North American Chinese restaurants. It is named after Zuo Zongtang, a Qing dynasty statesman and military leader, although there is no recorded historical connection between the dish and Zuo. The dish is characterized by its crispy fried chicken, which is coated in a sweet and spicy sauce made from ingredients such as soy sauce, rice wine, rice-wine vinegar, sugar, cornstarch, dried red chili peppers, and garli",2.009781840999949,4.343954172999929,0,0,0.8421052631578947,,,,,True,1.0,1.0,0.125,1.0,1.0,0.375,1.0,1.0,0.625,0.5936084439738454,0.14545454545454545,0.05850716558646477,0.331575018172531,0.955277144908905,0.9758259654045105,0.9654422254110547
recursive_cs1000_co100_nomic-embed-text:latest_Qwen/Qwen3-32B-AWQ_detailed,who owns youtube,"In November 2006, YouTube, LLC was bought by Google for US$1.65 billion, and operates as a subsidiary of Google.",YouTube is owned by Google.,1.1615427259998796,1.1630317049998666,0,0,1.0,,,,,True,1.0,1.0,0.125,1.0,1.0,0.375,1.0,1.0,0.625,0.5475551035058936,0.25,0.0,0.14520202020202022,0.9834141731262207,0.9637470841407776,0.9734813059945246
recursive_cs1000_co100_nomic-embed-text:latest_Qwen/Qwen3-32B-AWQ_detailed,what order is the moth,"A moth is an insect related to the butterfly , both being of the order Lepidoptera .",The moth belongs to the order Lepidoptera.,0.8667534390001492,0.8693151950001266,0,0,1.0,,,,,True,1.0,1.0,0.125,1.0,1.0,0.375,1.0,1.0,0.625,0.6704985145093283,0.4545454545454545,0.0,0.41471048513302033,0.9865376353263855,0.9765070080757141,0.9814966948047436
recursive_cs1000_co100_nomic-embed-text:latest_Qwen/Qwen3-32B-AWQ_detailed,where fourth of july came from,"Independence Day, commonly known as the Fourth of July, is a federal holiday in the United States commemorating the adoption of the Declaration of Independence on July 4, 1776, declaring independence ","The Fourth of July, also known as Independence Day, originated from the adoption of the Declaration of Independence by the Continental Congress on July 4, 1776. This document declared the thirteen American colonies' independence from British rule and marked the birth of the United States as a sovereign nation. The date, July 4, was chosen to commemorate this pivotal moment in American history.

Celebrations of the Fourth of July began shortly after the adoption of the Declaration. For example, i",2.0696721119998074,4.249812940999618,0,0,0.5384615384615384,,,,,True,1.0,1.0,0.125,1.0,1.0,0.375,1.0,1.0,0.625,0.6472044631304499,0.19095477386934673,0.08970501675257281,0.6193970959595959,0.9513273239135742,0.9771513342857361,0.964066426094256
recursive_cs1000_co100_nomic-embed-text:latest_Qwen/Qwen3-32B-AWQ_detailed,who made the matrix,"The Matrix is a 1999 American–Australian science fiction action film written and directed by The Wachowski Brothers and starring Keanu Reeves , Laurence Fishburne , Carrie-Anne Moss , Joe Pantoliano ,",The Matrix was written and directed by the Wachowskis. It is the first installment in the Matrix film series.,1.06768844599992,1.0719117270000424,0,0,1.0,,,,,True,1.0,1.0,0.125,1.0,1.0,0.375,1.0,1.0,0.625,0.5143436201631284,0.2857142857142857,0.13009438161654788,0.3349480968858131,0.9625474214553833,0.9548230171203613,0.9586696598474193
recursive_cs1000_co100_nomic-embed-text:latest_Qwen/Qwen3-32B-AWQ_detailed,What is the prostate for?,"The prostate (from Greek προστάτης – prostates, literally ""one who stands before"", ""protector"", ""guardian"") is a compound tubuloalveolar exocrine gland of the male reproductive system in most mammals ","The prostate serves two primary functions in the male reproductive system. First, it is an accessory gland that produces and secretes a fluid that forms part of semen. This prostatic fluid is slightly alkaline and milky in appearance, and it helps neutralize the acidity of the vaginal tract during ejaculation, thereby prolonging the lifespan of sperm. Second, the prostate acts as a muscle-driven mechanical switch that controls the flow of urine and semen. During urination, the smooth muscle tiss",1.8838700770002106,2.9184708870002396,0,0,0.8571428571428571,,,,,True,1.0,1.0,0.125,1.0,1.0,0.375,1.0,1.0,0.625,0.7159971759465069,0.1111111111111111,0.028285469393215464,0.2746586417535034,0.9413111209869385,0.9425757527351379,0.9419430123946116
recursive_cs1000_co100_nomic-embed-text:latest_Qwen/Qwen3-32B-AWQ_detailed,WHAT ARE HERITABLE TRAITS,heritability of a trait within a population is the proportion of observable differences in a trait between individuals within a population that is due to genetic differences.,"The provided context does not contain any information about heritable traits. Therefore, I cannot provide an answer based on the given context.",1.0606416400000853,1.0654695080002057,0,0,0.5,,,,,False,1.0,1.0,0.125,1.0,1.0,0.375,1.0,1.0,0.625,0.7205947885609447,0.0,0.0,0.0,0.0,0.0,0.0
recursive_cs1000_co100_nomic-embed-text:latest_Qwen/Qwen3-32B-AWQ_detailed,what is a CMM machine,A coordinate measuring machine is a device for measuring the physical geometrical characteristics of an object.,"A CMM (Coordinate Measuring Machine) is a device used to measure the geometry of physical objects by sensing discrete points on the surface of the object with a probe. It operates within a three-dimensional Cartesian coordinate system (X, Y, Z axes) to determine the position of the probe relative to a reference point. The machine collects data by moving the probe along the three axes and measuring the points of contact, creating a ""point cloud"" that represents the object's surface. CMMs are wide",1.785085995999907,3.015326124999774,0,0,0.75,,,,,True,1.0,1.0,0.125,1.0,1.0,0.375,1.0,1.0,0.625,0.6187775242932528,0.15492957746478872,0.043548840565355115,0.4166666666666666,0.9435372352600098,0.9698702096939087,0.9565225207302103
recursive_cs1000_co100_nomic-embed-text:latest_Qwen/Qwen3-32B-AWQ_detailed,Where does the word baptism come from,"Baptism (from the Greek noun βάπτισμα baptisma; itself derived from βαπτισμός baptismos, washing) is a Christian rite of admission (or adoption ), almost invariably with the use of water, into the Chr","The word ""baptism"" is derived from the Greek word ""báptisma"" (βάπτισμα), which means ""washing"" or ""dipping."" This term is a neologism in the New Testament and is derived from the Greek verb ""baptízō"" (βαπτίζω), meaning ""to wash."" The verb ""baptízō"" itself comes from ""báptō"" (βάπτω), meaning ""to dip."" The Greek words are ultimately traced back to a reconstructed Indo-European root *gʷabh-, meaning ""to dip."" In Hellenistic Judaism and the New Testament, these terms were used to describe ritual was",1.9911617880002268,3.4351944220002224,0,0,1.0,,,,,True,1.0,1.0,0.125,1.0,1.0,0.375,1.0,1.0,0.625,0.7402874971353328,0.16793893129770995,0.0,0.3461249059443191,0.9474877715110779,0.9641293883323669,0.9557361429776929
recursive_cs1000_co100_nomic-embed-text:latest_Qwen/Qwen3-32B-AWQ_detailed,what can sql 2005 do,"As a database, it is a software product whose primary function is to store and retrieve data as requested by other software applications, be it those on the same computer or those running on another c","Microsoft SQL Server 2005 offers a wide range of capabilities for database management and development. Some of its key features and functionalities include:

1. **SQL CLR Integration**: SQL Server 2005 introduced the SQL CLR (Common Language Runtime) component, which allows developers to write stored procedures, triggers, and user-defined types (UDTs) using managed .NET languages like C# and VB.NET. This integration enables the use of the .NET Framework within SQL Server, with SQLOS managing the",1.9784349919996203,8.745867828999963,0,0,0.9705882352941176,,,,,True,1.0,1.0,0.125,1.0,1.0,0.375,1.0,1.0,0.625,0.5209511235550479,0.05970149253731343,0.0,0.13550135501355012,0.9360402226448059,0.9518154263496399,0.9438619145183372
recursive_cs1000_co100_nomic-embed-text:latest_Qwen/Qwen3-32B-AWQ_detailed,what company is cricket wireless by,"The company is a subsidiary of Leap Wireless , utilizing its CDMA 1X, 1xEV-DO and LTE networks.","Cricket Wireless is owned by AT&T. AT&T acquired Leap Wireless International, the parent company of Cricket Wireless, in March 2014 and later merged Cricket Wireless with Aio Wireless.",1.2693505900001583,1.2759168130000944,0,0,0.75,,,,,True,1.0,1.0,0.125,1.0,1.0,0.375,1.0,1.0,0.625,0.577916813907223,0.22727272727272727,0.0,0.3328191741813004,0.9561539888381958,0.9657536149024963,0.9609298275595116
recursive_cs1000_co100_nomic-embed-text:latest_Qwen/Qwen3-32B-AWQ_detailed,who is st patty?,"It is named after Saint Patrick ( AD 385–461), the most commonly recognised of the patron saints of Ireland .","St. Patty refers to Saint Patrick, the foremost patron saint of Ireland. He was a Christian missionary and bishop who lived from around 385 to 461 AD. Saint Patrick is credited with bringing Christianity to Ireland and is traditionally associated with the use of the shamrock to explain the Holy Trinity. Saint Patrick's Day, celebrated on March 17th, commemorates his death and honors his role in spreading Christianity in Ireland. The holiday is both a religious observance and a cultural celebrati",2.1923606559998916,3.0183862409999165,0,0,0.75,,,,,True,1.0,1.0,0.125,1.0,1.0,0.375,1.0,1.0,0.625,0.5302293813700703,0.12612612612612611,0.0,0.3963701182952521,0.9476929903030396,0.9638969898223877,0.9557263117365158
recursive_cs1000_co100_nomic-embed-text:latest_Qwen/Qwen3-32B-AWQ_detailed,how a water pump works,"Pumps operate by some mechanism (typically reciprocating or rotary ), and consume energy to perform mechanical work by moving the fluid.","A water pump works by using mechanical action to move water from one location to another. The specific mechanism depends on the type of pump. In a **positive-displacement pump**, water is trapped in a fixed volume and then forced through the discharge pipe by reducing the cavity size. This process creates a continuous flow as the pump cycles. In a **centrifugal pump**, water enters the center of the pump and is accelerated by an impeller, which increases the kinetic energy of the water. This kin",1.9866200010001194,3.8410766900001363,0,0,0.7857142857142857,,,,,True,1.0,1.0,0.125,1.0,1.0,0.375,1.0,1.0,0.625,0.6568756412293192,0.06349206349206349,0.0,0.21141754218401784,0.9386637210845947,0.9676142930984497,0.9529191714710897
recursive_cs1000_co100_nomic-embed-text:latest_Qwen/Qwen3-32B-AWQ_detailed,what school did Zach Thomas play for before making it in to the NFL,"He played college football for Texas Tech University , and was recognized as an All-American .",Zachary Michael Thomas played college football for Texas Tech University before making it into the NFL.,1.3640081290000126,1.3679476219999742,0,0,1.0,,,,,True,1.0,1.0,0.125,1.0,1.0,0.375,1.0,1.0,0.625,0.6696119364589195,0.4666666666666667,0.37239098949398236,0.4922391491807991,0.9779717326164246,0.9785071611404419,0.9782393736132154
recursive_cs1000_co100_nomic-embed-text:latest_Qwen/Qwen3-32B-AWQ_detailed,what are private labels,Private label products or services are typically those manufactured or provided by one company for offer under another company's brand .,"Private labels, also known as private brands or private-label brands, are brands owned by a company and offered by that company, often competing with other national or branded products. These products are typically manufactured by third-party producers under contract and sold exclusively under the retailer's brand name. In some cases, they may also be produced internally by the retailer's own manufacturing facilities. Private-label products are commonly found in the supermarket and grocery store",2.1938065660001485,3.4269783250001637,0,0,0.9375,,,,,True,1.0,1.0,0.125,1.0,1.0,0.375,1.0,1.0,0.625,0.7077067563922212,0.10738255033557047,0.0,0.3104154283072453,0.9528437852859497,0.9760367274284363,0.9643008198908907
recursive_cs1000_co100_nomic-embed-text:latest_Qwen/Qwen3-32B-AWQ_detailed,what is a letterbox movie,"The resulting videographic image has mattes (black bars) above and below it; these mattes are part of the image (i.e., of each frame of the video signal).","A letterbox movie is a film that has been formatted to preserve its original widescreen aspect ratio when transferred to standard-width video formats, such as television or home video. This is achieved by adding black bars (mattes) above and below the image, which ensures that the film's original proportions are maintained without stretching or cropping the画面. The resulting image resembles the shape of a letterbox, a rectangular slot in a wall or door for receiving mail, which is wider than it i",1.8009772670002349,2.711772428000131,0,0,0.6,,,,,True,1.0,1.0,0.125,1.0,1.0,0.375,1.0,1.0,0.625,0.6822185551292224,0.16541353383458646,0.0,0.46172455161063247,0.9450013637542725,0.9638715982437134,0.9543432097974055
recursive_cs1000_co100_nomic-embed-text:latest_Qwen/Qwen3-32B-AWQ_detailed,what day is 2011 super bowl?,"The game was played on February 6, 2011, at Cowboys Stadium in Arlington, Texas , the first time the Super Bowl was played in the Dallas–Fort Worth area.","The 2011 Super Bowl, known as Super Bowl XLV, was played on **February 6, 2011**. It was held at Cowboys Stadium in Arlington, Texas, and marked the first time the Super Bowl was played in the Dallas–Fort Worth area.",2.0838706929998807,2.095611290999841,0,0,1.0,,,,,True,1.0,1.0,0.125,1.0,1.0,0.375,1.0,1.0,0.625,0.528115194359474,0.7272727272727274,0.4729890961442361,0.8767943262411347,0.9836664199829102,0.9919828772544861,0.9878071446361728
recursive_cs1000_co100_nomic-embed-text:latest_Qwen/Qwen3-32B-AWQ_detailed,how many humps on a camel,"The two surviving species of camel are the dromedary , or one-humped camel, which is native to the Middle East and the Horn of Africa ; and the Bactrian , or two-humped camel, which inhabits Central A","The number of humps on a camel depends on the species. A dromedary camel has one hump, while a Bactrian camel has two humps. Additionally, a hybrid camel, which is a cross between a dromedary and a Bactrian camel, has one hump with an indentation that divides the front from the back.",2.1937687800000276,2.2061485929998526,0,0,1.0,,,,,True,1.0,1.0,0.125,1.0,1.0,0.375,1.0,1.0,0.625,0.6790733738888672,0.2558139534883721,0.0,0.33637492240844197,0.9623940587043762,0.9626364707946777,0.9625152494864907
recursive_cs1000_co100_nomic-embed-text:latest_Qwen/Qwen3-32B-AWQ_detailed,what years was the 18th century,"The 18th century lasted from January 1, 1701 to December 31, 1800 in the Gregorian calendar .","The 18th century lasted from January 1, 1701, to December 31, 1800.",1.3424884850001035,1.3476936030001525,0,0,1.0,,,,,True,1.0,1.0,0.125,1.0,1.0,0.375,1.0,1.0,0.625,0.6797921612578743,0.8571428571428571,0.7165313105737893,0.769008190883191,0.9940937757492065,0.9859536290168762,0.9900069699581852
recursive_cs1000_co100_nomic-embed-text:latest_Qwen/Qwen3-32B-AWQ_detailed,what creates a cloud,"In meteorology , a cloud is a visible mass of liquid droplets or frozen crystals made of water or various chemicals suspended in the atmosphere above the surface of a planetary body.","A cloud is created when air becomes saturated with water vapor, either by being cooled to its dew point or by gaining sufficient moisture from an adjacent source to raise the dew point to the ambient temperature. This process typically occurs in the troposphere, where water droplets or ice crystals form and remain suspended in the atmosphere. The formation of clouds is influenced by factors such as temperature, humidity, and air movement, and they can appear in various shapes and altitudes depen",2.0090686160001496,2.528386560999934,0,0,0.8181818181818182,,,,,True,1.0,1.0,0.125,1.0,1.0,0.375,1.0,1.0,0.625,0.6569392378438874,0.20689655172413793,0.049340163331276214,0.34684065934065933,0.9467902183532715,0.9698550701141357,0.9581838633674808
recursive_cs1000_co100_nomic-embed-text:latest_Qwen/Qwen3-32B-AWQ_detailed,what did tycho brahe do,Tycho was well known in his lifetime as an astronomer and alchemist .,"Tycho Brahe was a Danish astronomer known for his systematic and rigorous observations of celestial bodies. He realized that progress in astronomy required meticulous, nightly observations using the most accurate instruments available. As a result, he began maintaining detailed journals of all his astronomical observations. During his time at Leipzig University, he noticed inaccuracies in the Copernican and Ptolemaic tables used to predict planetary conjunctions, which further emphasized the nee",1.9836984010003107,3.216197927000394,0,0,0.7692307692307693,,,,,True,1.0,1.0,0.125,1.0,1.0,0.375,1.0,1.0,0.625,0.5208203296115798,0.09230769230769231,0.0,0.23541205752212385,0.9393530488014221,0.971930742263794,0.9553642533226208
recursive_cs1000_co100_nomic-embed-text:latest_Qwen/Qwen3-32B-AWQ_detailed,what food is in afghan,"Accompanying these staples are dairy products ( yogurt and whey ), various nuts , and native vegetables, as well as fresh and dried fruits; Afghanistan is well known for its grapes .","Afghan cuisine includes a variety of dishes that reflect the country's cultural and geographic diversity. Some of the key foods in Afghan cuisine are:

1. **Rice-based dishes**: Rice is a staple in Afghan cuisine and is often served with various flavors and ingredients. Examples include:
   - **Kabuli Palau (the national dish)**: A rice dish cooked with raisins, carrots, nuts, and lamb or beef.
   - **Yakhni Palau**: Rice cooked with meat and stock, giving it a brown color.
   - **Zamarod Palau*",1.942053475999728,8.651653519999854,0,0,1.0,,,,,True,1.0,1.0,0.125,1.0,1.0,0.375,1.0,1.0,0.625,0.6404854012162327,0.0724233983286908,0.01390774529749913,0.2046261614994769,0.9446716904640198,0.9664136171340942,0.9554189776414707
recursive_cs1000_co100_nomic-embed-text:latest_Qwen/Qwen3-32B-AWQ_detailed,who designed the statue of liberty,"The Statue of Liberty (Liberty Enlightening the World; French: La Liberté éclairant le monde) is a neoclassical sculpture on Liberty Island in New York Harbor , designed by Frédéric Bartholdi and dedi","The Statue of Liberty was designed by Frédéric Auguste Bartholdi, a French sculptor. He was responsible for the artistic design of the statue, including its iconic figure of a woman holding a torch and a tablet. Bartholdi also worked on various other sculptures and was inspired by classical and Romantic styles in his work.",2.1855286230002093,2.197078514000168,0,0,0.3333333333333333,,,,,True,1.0,1.0,0.125,1.0,1.0,0.375,1.0,1.0,0.625,0.6171810664203651,0.2247191011235955,0.07252605189561437,0.3556910569105691,0.9661847949028015,0.9656954407691956,0.9659400558581741
recursive_cs1000_co100_nomic-embed-text:latest_Qwen/Qwen3-32B-AWQ_detailed,what percentage of water in in the body,"Arthur Guyton 's Textbook of Medical Physiology states that ""the total amount of water in a man of average weight (70 kilograms) is approximately 40 litres, averaging 57 percent of his total body weig","The percentage of water in the human body varies depending on factors such as age, sex, and body composition. On average, the adult human body is approximately 60% water. However, this can range significantly:

- For adult males, the average is around 58% ± 8%.
- For adult females, the average is around 48% ± 6%.
- Children have a higher percentage of body water, averaging about 70%.
- Newborn infants have the highest percentage, with body water making up as much as 75% of their body weight.
- O",2.089655546999893,3.6322062849999384,0,0,1.0,,,,,True,1.0,1.0,0.125,1.0,1.0,0.375,1.0,1.0,0.625,0.7833443240884359,0.1317365269461078,0.0,0.25421412300683377,0.944869339466095,0.965887188911438,0.9552626686147762
recursive_cs1000_co100_nomic-embed-text:latest_Qwen/Qwen3-32B-AWQ_detailed,How many Muslims live in the United Kingdom?,"Today it is the second largest religion in the country with results from the United Kingdom Census 2011 suggesting that by 2011 the total Muslim population had reached 2.7 million, 4.8% of the total p","As of the 2021 Census in England and Wales, there are 3,868,133 Muslims, which accounts for 6.5% of the population in these regions. Additionally, the 2011 census reported 76,737 Muslims in Scotland, or 1.45% of the population. Combining these figures, the total number of Muslims in the United Kingdom is approximately 3.9 million.",1.8842013720000068,2.198031812999943,0,0,0.8,,,,,True,1.0,1.0,0.125,1.0,1.0,0.375,1.0,1.0,0.625,0.6663213629881465,0.20454545454545453,0.0,0.4276835414472694,0.9594038128852844,0.9721158742904663,0.965718012146487
recursive_cs1000_co100_nomic-embed-text:latest_Qwen/Qwen3-32B-AWQ_detailed,what is the color puce,"Puce (often misspelled as ""puse"", ""peuse"" or ""peuce"") is defined in the United States as a brownish-purple color.","The color puce is a dark red or purple brown, often described as a brownish purple or a ""dark reddish brown."" It is named after the French word ""puce,"" meaning flea, due to its resemblance to the color of flea droppings or bloodstains on linen. The term ""puce"" as a color name has been used since at least the 17th century in French and was first recorded in English in 1778. Puce became a popular color in French fashion during the late 18th and 19th centuries and has been referenced in literature ",2.0900665399999525,3.737352181999995,0,0,1.0,,,,,True,1.0,1.0,0.125,1.0,1.0,0.375,1.0,1.0,0.625,0.6654773489607677,0.13333333333333333,0.0,0.3034013605442176,0.9520875811576843,0.97050541639328,0.96120828024582
recursive_cs1000_co100_nomic-embed-text:latest_Qwen/Qwen3-32B-AWQ_detailed,where was martin luther king shot?,"King was assassinated on April 4, 1968, in Memphis, Tennessee .","Martin Luther King Jr. was shot on the motel's second-floor balcony of the Lorraine Motel in Memphis, Tennessee. The assassination occurred on Thursday, April 4, 1968, at 6:01 p.m.",2.1890257640002346,2.198544716000015,0,0,0.5,,,,,True,1.0,1.0,0.125,1.0,1.0,0.375,1.0,1.0,0.625,0.5474956824836971,0.3076923076923077,0.0,0.6914617698931425,0.9611486792564392,0.9877473711967468,0.9742665146702011
recursive_cs1000_co100_nomic-embed-text:latest_Qwen/Qwen3-32B-AWQ_detailed,what is in fruitcake,"Fruit cake (or fruitcake) is a cake made with chopped candied fruit and/or dried fruit , nuts , and spices , and (optionally) soaked in spirits .","Fruitcake is made with candied or dried fruit, nuts, and spices, and may optionally be soaked in spirits. Specific ingredients can vary by region and recipe, but common components include flour, butter or oil, milk, eggs, and sometimes alcohol such as brandy or rum. Additional ingredients like yeast, cocoa, or citrus zest may also be included depending on the type of fruitcake. For example, in Bulgaria, keks often includes raisins and walnuts, while in the United States, fruitcakes are typically",2.0855240000000776,2.9136512640002366,0,0,1.0,,,,,True,1.0,1.0,0.125,1.0,1.0,0.375,1.0,1.0,0.625,0.7164890314226349,0.2542372881355932,0.07403125534716853,0.5592474621324961,0.9503834247589111,0.9716325998306274,0.9608905503601517
recursive_cs1000_co100_nomic-embed-text:latest_Qwen/Qwen3-32B-AWQ_detailed,where is the brisket from,Brisket is a cut of meat from the breast or lower chest of beef or veal .,"Brisket is a cut of meat from the breast or lower chest of beef or veal. Specifically, it comes from the area that includes the sternum, ribs, and connecting costal cartilages. The brisket muscles consist of the superficial and deep pectorals, which support a significant portion of a cattle's body weight due to the absence of collar bones.",1.778290991999711,1.791195585999958,0,0,1.0,,,,,True,1.0,1.0,0.125,1.0,1.0,0.375,1.0,1.0,0.625,0.6888879023794643,0.4324324324324324,0.25592179077023314,0.7919825185643564,0.9692459106445312,0.9921717047691345,0.9805748250118389
recursive_cs1000_co100_nomic-embed-text:latest_Qwen/Qwen3-32B-AWQ_detailed,what is google openid,"OpenID is an open standard that allows users to be authenticated by certain co-operating sites (known as Relying Parties or RP) using a third party service, eliminating the need for webmasters to prov","Google OpenID refers to Google's implementation of the OpenID authentication protocol, which allows users to log in to various websites and services using their Google account as their identity provider (IDP). By using Google OpenID, users can authenticate themselves on websites that support OpenID without needing to create separate accounts or remember additional usernames and passwords. Google acts as the identity provider, verifying the user's credentials and providing a unique OpenID identif",1.972501536999971,2.9811405799996464,0,0,0.08333333333333333,,,,,True,1.0,1.0,0.125,1.0,1.0,0.375,1.0,1.0,0.625,0.4518059589135339,0.1610738255033557,0.0,0.3550547911646733,0.9520624876022339,0.9616038203239441,0.9568093679378741
recursive_cs1000_co100_nomic-embed-text:latest_Qwen/Qwen3-32B-AWQ_detailed,who wrote a rose is a rose is a rose,"The sentence ""Rose is a rose is a rose is a rose."" was written by Gertrude Stein as part of the 1913 poem Sacred Emily, which appeared in the 1922 book Geography and Plays.","The phrase ""A rose is a rose is a rose"" was written by Gertrude Stein. It is a shortened version of the line ""Rose is a rose is a rose is a rose,"" which appears in her 1913 poem ""Sacred Emily,"" later published in the 1922 book *Geography and Plays*.",2.119163953000225,2.1274918060003074,0,0,1.0,,,,,True,1.0,1.0,0.125,1.0,1.0,0.375,1.0,1.0,0.625,0.6886094010382322,0.5952380952380952,0.39889838303185915,0.8024322302235166,0.9828240871429443,0.989870548248291,0.9863347327234637
recursive_cs1000_co100_nomic-embed-text:latest_Qwen/Qwen3-32B-AWQ_detailed,What are the different translations for the Bible,"The Bible has been translated into many languages from the biblical languages of Hebrew , Aramaic and Greek .","The Bible has been translated into many languages and forms over time, with various translations serving different purposes and audiences. Here are some key categories and examples of Bible translations:

1. **Ancient Translations**:
   - **Aramaic Targums**: These were translations of the Hebrew Torah into Aramaic, created during the Babylonian exile to allow Jewish communities to understand the scriptures in their common language.
   - **Greek Septuagint (LXX)**: A Greek translation of the Heb",1.6054450070000712,8.348789720999775,0,0,0.6129032258064516,,,,,True,1.0,1.0,0.125,1.0,1.0,0.375,1.0,1.0,0.625,0.73285320529821,0.0898876404494382,0.028406457815094172,0.3115869537601626,0.9410877227783203,0.9799329042434692,0.960117567045335
recursive_cs1000_co100_nomic-embed-text:latest_Qwen/Qwen3-32B-AWQ_detailed,who is suicide tna,Suicide is a fictional character from TNA Impact!,"Suicide is a professional wrestling persona used by various wrestlers in Impact Wrestling (formerly Total Nonstop Action Wrestling; TNA). The character first appeared as a fictional character in the video game TNA Impact! and was later introduced as a real-life wrestler on television in December 2008. The character has been portrayed by multiple wrestlers over time, including Frankie Kazarian, Christopher Daniels, Kiyoshi, T. J. Perkins, and Austin Aries. The Suicide character is known for his j",2.0837643119998575,3.048342785999921,0,0,1.0,,,,,True,1.0,1.0,0.125,1.0,1.0,0.375,1.0,1.0,0.625,0.5547957226602732,0.12389380530973451,0.0,0.32341750259425806,0.9495181441307068,0.9814599752426147,0.9652248721838234
recursive_cs1000_co100_nomic-embed-text:latest_Qwen/Qwen3-32B-AWQ_detailed,what is the fundamental theorem of calculus used for,"The first part of the theorem, sometimes called the first fundamental theorem of calculus, shows that an indefinite integration can be reversed by a differentiation.","The fundamental theorem of calculus is used to establish a connection between differentiation and integration, showing that these two operations are essentially inverses of each other. It has two main parts:

1. **First Fundamental Theorem of Calculus**: This part is used to show that if a function $ f $ is continuous on an interval $[a, b]$, then the function $ A(x) $, defined as the area under the curve of $ f $ from a fixed point $ a $ to a variable point $ x $, is an antiderivative of $ f $.",1.9717887340002562,5.541756480000004,0,0,1.0,,,,,True,1.0,1.0,0.125,1.0,1.0,0.375,1.0,1.0,0.625,0.7389601858735049,0.10144927536231885,0.0148806605782077,0.3624737394957983,0.9316920638084412,0.9675099849700928,0.9492632711004141
recursive_cs1000_co100_nomic-embed-text:latest_Qwen/Qwen3-32B-AWQ_detailed,WHAT IS PARESTHESIAS OF HANDS,"It is more generally known as the feeling of ""pins and needles"" or of a limb ""falling asleep"".","The provided context does not contain any information about paresthesias of hands. Therefore, I cannot provide an answer based on the given context.",1.403036782000072,1.4079268410000623,0,0,0.5,,,,,False,1.0,1.0,0.125,1.0,1.0,0.375,1.0,1.0,0.625,0.7170013936861999,0.0,0.0,0.0,0.0,0.0,0.0
recursive_cs1000_co100_nomic-embed-text:latest_Qwen/Qwen3-32B-AWQ_detailed,what states allow same sex marriage,"As of May 2013, ten states— Connecticut , Iowa , Maine , Maryland , Massachusetts , New Hampshire , New York , Rhode Island , Vermont , and Washington —as well as the District of Columbia and three Na","As of the latest information provided in the context, same-sex marriage is legal in all 50 U.S. states and the District of Columbia. This was solidified by the U.S. Supreme Court's decision in *Obergefell v. Hodges* in 2015, which ruled that state bans on same-sex marriage were unconstitutional under the 14th Amendment. The Respect for Marriage Act further reinforced this by requiring all U.S. jurisdictions, including American Samoa, to recognize same-sex marriages legally performed elsewhere. A",2.0583740499996566,3.307798573999662,0,0,0.8888888888888888,,,,,True,1.0,1.0,0.125,1.0,1.0,0.375,1.0,1.0,0.625,0.7134725279145695,0.1456953642384106,0.03541358140883966,0.27474332648870636,0.9541781544685364,0.9568163156509399,0.955495414045985
recursive_cs1000_co100_nomic-embed-text:latest_Qwen/Qwen3-32B-AWQ_detailed,what was the first year of kentucky derby,"Unlike the Preakness and Belmont Stakes, which took hiatuses in 1891-1893 and 1911-1912 respectively, the Kentucky Derby has been run every consecutive year since 1875.",The first year of the Kentucky Derby was 1875. It is recognized as the oldest continuously held major sporting event in the United States.,1.463602570999683,1.4690971109998827,0,0,1.0,,,,,True,1.0,1.0,0.125,1.0,1.0,0.375,1.0,1.0,0.625,0.5576418615018923,0.20408163265306126,0.0,0.22989918859109906,0.9702072143554688,0.9603235125541687,0.9652400627538417
recursive_cs1000_co100_nomic-embed-text:latest_Qwen/Qwen3-32B-AWQ_detailed,what does hair testing show,"A drug test is a technical analysis of a biological specimen – for example urine, hair, blood, sweat, or oral fluid / saliva – to determine the presence or absence of specified parent drugs or their m","Hair testing shows evidence of drug use over an extended period, typically up to 90 days for head hair and up to 12 months for body hair. This is because drugs and their metabolites are incorporated into the hair shaft as it grows, providing a historical record of substance use. The test requires a sample of hair, usually 80 to 120 strands close to the scalp, and body hair can be used if head hair is unavailable. 

Hair testing can detect various substances, including alcohol metabolites like FA",1.9809460609999405,4.961444017999838,0,0,0.76,,,,,True,1.0,1.0,0.125,1.0,1.0,0.375,1.0,1.0,0.625,0.6237721974962807,0.08906882591093118,0.0,0.22459099187340262,0.9377249479293823,0.9574599862098694,0.9474897141063354
recursive_cs1000_co100_nomic-embed-text:latest_Qwen/Qwen3-32B-AWQ_detailed,what kind of school is MIT,"The MIT Sloan School of Management (also known as MIT Sloan or Sloan) is the business school of the Massachusetts Institute of Technology , in Cambridge , Massachusetts , USA .","MIT, or the Massachusetts Institute of Technology, is a private university known for its strong emphasis on science, technology, engineering, and mathematics (STEM) education and research. It is also home to the MIT Sloan School of Management, which offers business education and is recognized for its innovation in management and finance. The university is located in Cambridge, Massachusetts, and is renowned for its rigorous academic programs, cutting-edge research, and contributions to technolog",2.082574152000234,3.0413885770003617,0,0,0.6470588235294118,,,,,True,1.0,1.0,0.125,1.0,1.0,0.375,1.0,1.0,0.625,0.5983420743224359,0.16296296296296298,0.0962535140850513,0.6283424619908552,0.950614333152771,0.9749183058738708,0.9626129377741449
recursive_cs1000_co100_nomic-embed-text:latest_Qwen/Qwen3-32B-AWQ_detailed,when was How the west was won filmed?,How the West Was Won is a 1962 American epic - Western film.,"""How the West Was Won"" was filmed from 1961 to 1962. The filming was completed in January 1962, but additional shooting continued for another month due to a new ending ordered by MGM, which involved actors George Peppard and Debbie Reynolds.",2.0862659450003775,2.0965248730003623,0,0,0.8333333333333334,,,,,True,1.0,1.0,0.125,1.0,1.0,0.375,1.0,1.0,0.625,0.5717021554160976,0.2222222222222222,0.09118099089300939,0.4746835443037975,0.957271933555603,0.9776679873466492,0.9673624638292018
recursive_cs1000_co100_nomic-embed-text:latest_Qwen/Qwen3-32B-AWQ_detailed,who created massey ferguson,"The company was formed by a merger between Massey Harris and the Ferguson Company farm machinery manufacturer in 1953, creating the company Massey Harris Ferguson.","Massey Ferguson was created through the merger of two companies: Massey-Harris of Canada and the Ferguson Company of the United Kingdom. This merger occurred in 1953, forming Massey Ferguson Limited. The Massey Manufacturing Co., which eventually became part of Massey-Harris, was originally founded in 1891 and merged with A. Harris, Son and Company to form Massey-Harris Limited. The Ferguson Company was known for its innovative farm equipment, including the famous Ferguson TO-20 tractor. The res",1.9552151349998894,2.8110898249997263,0,0,0.75,,,,,True,1.0,1.0,0.125,1.0,1.0,0.375,1.0,1.0,0.625,0.5855205504378562,0.25,0.04545218156312883,0.6610576923076924,0.9712722897529602,0.9829171299934387,0.977060014591653
recursive_cs1000_co100_nomic-embed-text:latest_Qwen/Qwen3-32B-AWQ_detailed,who wrote the song hallelujah,"""Hallelujah"" is a song written by Canadian singer-songwriter Leonard Cohen , originally released on his album Various Positions (1984).","The song ""Hallelujah"" was written by Canadian singer-songwriter Leonard Cohen. He first recorded it on his 1984 album *Various Positions*. The lyrics contain biblical allusions and explore themes of love, spirituality, and human experience.",1.5460990500000662,1.5558653099997173,0,0,0.75,,,,,True,1.0,1.0,0.125,1.0,1.0,0.375,1.0,1.0,0.625,0.6055142971245764,0.3846153846153846,0.1669176659936414,0.6074617346938775,0.9699740409851074,0.9843552112579346,0.9771117133233886
recursive_cs1000_co100_nomic-embed-text:latest_Qwen/Qwen3-32B-AWQ_detailed,how does interlibrary loan work,"The user makes a request with their local library, which, acting as an intermediary, identifies owners of the desired item, places the request, receives the item, makes it available to the user, and a","Interlibrary loan (ILL) is a service that allows patrons of one library to borrow physical materials or receive electronic documents from another library. The process begins when a patron requests an item that their local library does not have. The borrowing library then identifies potential lending libraries that have the desired item. Once a lending library is identified, it delivers the item either physically or electronically to the borrowing library. The borrowing library then provides the ",1.881594013999802,4.241336022999803,0,0,1.0,,,,,True,1.0,1.0,0.125,1.0,1.0,0.375,1.0,1.0,0.625,0.648308887152008,0.17272727272727273,0.029555560154826237,0.4334520205495161,0.9463623762130737,0.9699019193649292,0.9579875669780255
recursive_cs1000_co100_nomic-embed-text:latest_Qwen/Qwen3-32B-AWQ_detailed,who sang black velvet,"""Black Velvet"" is a blues verse with a rock chorus written by Canadian songwriters Christopher Ward and David Tyson , recorded by Canadian singer songwriter Alannah Myles .","""Black Velvet"" was originally sung by Canadian singer-songwriter Alannah Myles. The song was written by Christopher Ward and David Tyson and released in January 1990 as a single from Myles' self-titled album. It became a major hit, reaching number one on the Billboard Hot 100 chart in 1990 and achieving top-10 success in several other countries. The song was also covered by country music artist Robin Lee in 1990 and performed by Nikki McKibbin on the first season of *American Idol*.",2.517747600000348,3.118445215000065,0,0,1.0,,,,,True,1.0,1.0,0.125,1.0,1.0,0.375,1.0,1.0,0.625,0.5358225544415998,0.18691588785046728,0.06516418217631748,0.4609523809523808,0.9531856179237366,0.983157217502594,0.967939460653475
recursive_cs1000_co100_nomic-embed-text:latest_Qwen/Qwen3-32B-AWQ_detailed,what year was President kennedy president?,"John Fitzgerald ""Jack"" Kennedy (May 29, 1917 – November 22, 1963), often referred to by his initials JFK, was the 35th President of the United States , serving from 1961 until his death in 1963.",President John F. Kennedy served as the 35th president of the United States from 1961 until his assassination in 1963.,1.1766779740000857,1.1832631070001298,0,0,1.0,,,,,True,1.0,1.0,0.125,1.0,1.0,0.375,1.0,1.0,0.625,0.6234581900446643,0.5555555555555556,0.22890613511766109,0.48330856978527614,0.9835318922996521,0.9630876183509827,0.973202397843539
recursive_cs1000_co100_nomic-embed-text:latest_Qwen/Qwen3-32B-AWQ_detailed,how old was sue lyon when she made lolita,"The actress who played Lolita, Sue Lyon , was fourteen at the time of filming.",Sue Lyon was 14 years old when she began filming *Lolita* in 1962. She was 15 years old when the filming concluded.,1.3646951350001473,1.372378690000005,0,0,1.0,,,,,True,1.0,1.0,0.125,1.0,1.0,0.375,1.0,1.0,0.625,0.5719464627919593,0.2777777777777778,0.0,0.3013513513513513,0.9627408385276794,0.9712172746658325,0.9669604807110855
recursive_cs1000_co100_nomic-embed-text:latest_Qwen/Qwen3-32B-AWQ_detailed,what does righteousness mean,"Righteousness (also called rectitude) is an important theological concept in Christianity , Judaism , Islam , Hinduism (dharma), and Zoroastrianism .","Righteousness means the quality or state of being morally correct and justifiable. It implies that a person's actions are justified and aligned with what is considered right and upright, often in the context of religious or theological beliefs. In various religious traditions, including Christianity, Judaism, Islam, and others, righteousness is seen as an attribute that reflects a life pleasing to God or in accordance with divine standards. It can involve ethical conduct, faith, and good works, ",2.395912110000154,4.048821380999925,0,0,1.0,,,,,True,1.0,1.0,0.125,1.0,1.0,0.375,1.0,1.0,0.625,0.7081355366523402,0.0935672514619883,0.0,0.24234527687296414,0.9394590258598328,0.9586033821105957,0.9489346564811076
recursive_cs1000_co100_nomic-embed-text:latest_Qwen/Qwen3-32B-AWQ_detailed,where is al jazeera based,"Al Jazeera ( ' , literally ""The Island"", abbreviating "" The [Arabian] Peninsula ""), also known as Aljazeera and JSC (Jazeera Satellite Channel), is a broadcaster owned by the privately held Al Jazeera","Al Jazeera is based in Doha, Qatar.",1.3618083060000572,1.364551992000088,0,0,1.0,,,,,True,1.0,1.0,0.125,1.0,1.0,0.375,1.0,1.0,0.625,0.5230029560227611,0.2857142857142857,0.0,0.18288474810213942,0.978001058101654,0.9528909921646118,0.9652827546356249
recursive_cs1000_co100_nomic-embed-text:latest_Qwen/Qwen3-32B-AWQ_detailed,what are some six sigma tools used,"It uses a set of quality management methods, including statistical methods , and creates a special infrastructure of people within the organization (""Champions"", ""Black Belts"", ""Green Belts"", ""Orange ","Some Six Sigma tools used include various established quality-management tools applied within the individual phases of a DMAIC (Define, Measure, Analyze, Improve, Control) or DMADV (Define, Measure, Analyze, Design, Verify) project. While the specific tools are not listed in the provided context, common Six Sigma tools typically include:

1. **Process Mapping**: Used to visually represent a process to identify inefficiencies and areas for improvement.
2. **Pareto Charts**: A type of bar graph th",1.9888237520003713,6.196565985000234,0,0,0.2631578947368421,,,,,False,1.0,1.0,0.125,1.0,1.0,0.375,1.0,1.0,0.625,0.6328331442047164,0.0,0.0,0.0,0.0,0.0,0.0
recursive_cs1000_co100_nomic-embed-text:latest_Qwen/Qwen3-32B-AWQ_detailed,who wrote west side story,"West Side Story is an American musical with a book by Arthur Laurents , music by Leonard Bernstein , lyrics by Stephen Sondheim , and conception and choreography by Jerome Robbins .","West Side Story is a musical conceived by Jerome Robbins, with music by Leonard Bernstein, lyrics by Stephen Sondheim, and a book by Arthur Laurents.",1.3587452309998298,1.3648750590000418,0,0,1.0,,,,,True,1.0,1.0,0.125,1.0,1.0,0.375,1.0,1.0,0.625,0.530532517582712,0.6037735849056605,0.5525859967754753,0.8294036155678243,0.9843912124633789,0.9796684384346008,0.9820241472623531
recursive_cs1000_co100_nomic-embed-text:latest_Qwen/Qwen3-32B-AWQ_detailed,what countries did immigrants come from during the immigration,Starting around 1600 British and other Europeans settled primarily on the east coast .,"Immigrants came from a variety of countries during different periods of U.S. immigration history. Here is a summary based on the context provided:

1. **African Immigration**: Immigrants came from countries in Sub-Saharan Africa. These immigrants come from diverse national, linguistic, ethnic, and cultural backgrounds across the African continent.

2. **Southeast Asian Immigration (Mid-1970s onwards)**: The first large-scale group included Vietnamese refugees fleeing the Vietnam War. Later, othe",1.992828864999865,7.320389486999829,0,0,1.0,,,,,True,1.0,1.0,0.125,1.0,1.0,0.375,1.0,1.0,0.625,0.7145826028300669,0.028070175438596492,0.0,0.10961153956012568,0.9379287362098694,0.9671260714530945,0.9523036610861614
recursive_cs1000_co100_nomic-embed-text:latest_Qwen/Qwen3-32B-AWQ_detailed,what is the purpose of child support?,"In family law and public policy, child support (or child maintenance) is an ongoing, periodic payment made by a parent for the financial benefit of a child following the end of a marriage or other rel","The purpose of child support is to ensure that both parents fulfill their financial obligation to support their children, even when they are not living together. It is based on the policy that children have a right to a standard of living adequate for their development, and that both parents share a common responsibility for this. Child support provides financial assistance for the care and upbringing of children, including expenses such as food, housing, education, and healthcare. It is not int",2.0916383570001926,3.3317613019999044,0,0,0.9230769230769231,,,,,True,1.0,1.0,0.125,1.0,1.0,0.375,1.0,1.0,0.625,0.6837357202544048,0.13872832369942198,0.0,0.3107480426148142,0.9453507661819458,0.9586827754974365,0.9519700955925126
recursive_cs1000_co100_nomic-embed-text:latest_Qwen/Qwen3-32B-AWQ_detailed,who won the 1967 nba championship,"The 76ers won the series over the Warriors, 4-2.",The Philadelphia 76ers won the 1967 NBA championship. They defeated the San Francisco Warriors in the best-of-seven championship series with a final score of 4–2.,1.4957869559998471,1.5026796570000442,0,0,1.0,,,,,True,1.0,1.0,0.125,1.0,1.0,0.375,1.0,1.0,0.625,0.5976768795764599,0.3529411764705882,0.0,0.54004620716211,0.9692878723144531,0.9880826473236084,0.9785950256083638
recursive_cs1000_co100_nomic-embed-text:latest_Qwen/Qwen3-32B-AWQ_detailed,what part of the earth's structure is believed to consist of tectonic plates,"On Earth, there are seven or eight major plates (depending on how they are defined) and many minor plates.","The Earth's lithosphere is believed to consist of tectonic plates. The lithosphere is the rigid outermost shell of the planet, comprising the crust and the upper part of the mantle. This layer is divided into several large and small tectonic plates that move relative to one another on the more fluid-like asthenosphere beneath them.",2.0595535739998923,2.071250353999858,0,0,1.0,,,,,True,1.0,1.0,0.125,1.0,1.0,0.375,1.0,1.0,0.625,0.7377730299894241,0.0821917808219178,0.0,0.08888888888888889,0.9479182958602905,0.9570507407188416,0.9524626277633966
recursive_cs1000_co100_nomic-embed-text:latest_Qwen/Qwen3-32B-AWQ_detailed,who is mary matalin married to,She is married to Democratic political consultant James Carville .,"Mary Matalin is married to James Carville, a political strategist for candidates of the Democratic Party.",1.265721966000001,1.2695398529999693,0,0,1.0,,,,,True,1.0,1.0,0.125,1.0,1.0,0.375,1.0,1.0,0.625,0.5613025970441166,0.39999999999999997,0.0,0.6932463707132337,0.9777321219444275,0.9882807731628418,0.982978148135354
recursive_cs1000_co100_nomic-embed-text:latest_Qwen/Qwen3-32B-AWQ_detailed,when did ms .drgs go into effect,"DRGs have been used in the US since 1982 to determine how much Medicare pays the hospital for each ""product"", since patients within each category are clinically similar and are expected to use the sam","The provided context does not mention ""MS. DRGs"" or any specific implementation date for them. Therefore, based on the given information, it is not possible to determine when ""MS. DRGs"" went into effect.",1.583963286999733,1.5916697659999954,0,0,1.0,,,,,False,1.0,1.0,0.125,1.0,1.0,0.375,1.0,1.0,0.625,0.5484265117264973,0.0,0.0,0.0,0.0,0.0,0.0
recursive_cs1000_co100_nomic-embed-text:latest_Qwen/Qwen3-32B-AWQ_detailed,what is a group of deer called,Deer (singular and plural) are the ruminant mammals forming the family Cervidae.,A group of deer is called a **herd**.,1.1617519179999363,1.164231357999597,0,0,1.0,,,,,True,1.0,1.0,0.125,1.0,1.0,0.375,1.0,1.0,0.625,0.6813785204870124,0.1,0.0,0.043103448275862065,0.9642769694328308,0.9518537521362305,0.9580250878724946
recursive_cs1000_co100_nomic-embed-text:latest_Qwen/Qwen3-32B-AWQ_detailed,how many asian indians live in usa,"Indian Americans are citizens of the United States of Indian ancestry and comprise about 3.18 million people, or ~1.0% of the U.S. population, the country's third largest self-reported Asian ancestral","Based on the information provided in the context, the Indian-born population in the U.S. was 1.007 million in 2000. Additionally, between 1990 and 2000, the Indian population in the U.S. grew by 130%. This growth rate indicates a significant increase in the Indian population during that period. However, the context does not provide a specific updated figure for the current Indian population in the U.S. beyond 2000. Therefore, the most recent figure provided in the context is 1.007 million Indian",2.0940783690002718,3.1283535370002937,0,0,1.0,,,,,False,1.0,1.0,0.125,1.0,1.0,0.375,1.0,1.0,0.625,0.5717629057230564,0.0,0.0,0.0,0.0,0.0,0.0
recursive_cs1000_co100_nomic-embed-text:latest_Qwen/Qwen3-32B-AWQ_detailed,what is the social norm approach?,"The social norms approach, or social norms marketing, is an environmental strategy gaining ground in health campaigns.","The social norms approach is an environmental strategy used in health campaigns that aims to correct individuals' misperceptions about the behaviors or attitudes of their peers by providing accurate information about actual norms within a population. This approach is based on the idea that individuals often hold exaggerated beliefs about the behaviors of others, a phenomenon known as pluralistic ignorance. These misperceptions can lead individuals to engage in harmful behaviors or avoid healthy ",1.8796367439999813,4.550733794999815,0,0,1.0,,,,,True,1.0,1.0,0.125,1.0,1.0,0.375,1.0,1.0,0.625,0.7533775043937712,0.09361702127659574,0.0275194992194846,0.36876340832829085,0.9344742298126221,0.9742060899734497,0.9539266226716702
recursive_cs1000_co100_nomic-embed-text:latest_Qwen/Qwen3-32B-AWQ_detailed,what does continuous improvement mean,"A continual improvement process, also often called a continuous improvement process (abbreviated as CIP or CI), is an ongoing effort to improve products, services, or processes.","Continuous improvement means a gradual, never-ending change focused on increasing the effectiveness and/or efficiency of an organization to fulfill its policy and objectives. It is not limited to quality initiatives but can also apply to business strategy, business results, and relationships with customers, employees, and suppliers. In essence, continuous improvement means ""getting better all the time."" It involves ongoing efforts to improve products, services, or processes, seeking either incre",1.9830803559998458,2.7079710299999533,0,0,1.0,,,,,True,1.0,1.0,0.125,1.0,1.0,0.375,1.0,1.0,0.625,0.6825142817334896,0.180327868852459,0.06066728067590045,0.42566287878787873,0.9516695737838745,0.9639226198196411,0.9577569086233825
recursive_cs1000_co100_nomic-embed-text:latest_Qwen/Qwen3-32B-AWQ_detailed,HOW AFRICAN AMERICANS WERE IMMIGRATED TO THE US,"As such, African immigrants are to be distinguished from African American people, the latter of whom are descendants of mostly West and Central Africans who were involuntarily brought to the United St","The provided context does not contain information about how African Americans were immigrated to the United States. Therefore, I cannot provide an answer based on the given context.",1.1657456359998832,1.1711247339999318,0,0,0.5,,,,,False,1.0,1.0,0.125,1.0,1.0,0.375,1.0,1.0,0.625,0.708995228707935,0.0,0.0,0.0,0.0,0.0,0.0
recursive_cs1000_co100_nomic-embed-text:latest_Qwen/Qwen3-32B-AWQ_detailed,how many mvps has kobe bryant won,"He has won the All-Star MVP Award four times ( 2002 , 2007 , 2009 , and 2011 ), tying him for the most All Star MVP Awards in NBA history.","Kobe Bryant has won two NBA Finals MVP awards. He earned these honors during the 2008–09 and 2009–10 NBA seasons, when he played a pivotal role in leading the Los Angeles Lakers to championship victories.",1.6880815469999106,1.697034494000036,0,0,0.2,,,,,True,1.0,1.0,0.125,1.0,1.0,0.375,1.0,1.0,0.625,0.5463800729852285,0.16393442622950818,0.0,0.30799256505576206,0.9617112874984741,0.9632227420806885,0.9624664213939327
recursive_cs1000_co100_nomic-embed-text:latest_Qwen/Qwen3-32B-AWQ_detailed,when did dr.carter g woodson die,"Carter Godwin Woodson (December 19, 1875April 3, 1950) was an African-American historian , author , journalist and the founder of the Association for the Study of African American Life and History .","Dr. Carter G. Woodson died on April 3, 1950, at the age of 74. He passed away suddenly from a heart attack in his home office in the Shaw neighborhood of Washington, D.C.",1.4641661499999827,1.472582094000245,0,0,1.0,,,,,True,1.0,1.0,0.125,1.0,1.0,0.375,1.0,1.0,0.625,0.556312436971442,0.2580645161290323,0.0,0.18096301020408165,0.9590352773666382,0.9605441689491272,0.959789130123348
recursive_cs1000_co100_nomic-embed-text:latest_Qwen/Qwen3-32B-AWQ_detailed,what is doxycycline hyclate used for,"Doxycycline is a member of the tetracycline antibiotics group, and is commonly used to treat a variety of infections .","Doxycycline hyclate is a form of doxycycline, a broad-spectrum antibiotic of the tetracycline class, used to treat a wide range of bacterial and parasitic infections. It is commonly prescribed for:

1. **Bacterial Infections**: Doxycycline hyclate is effective against both Gram-positive and Gram-negative bacteria, as well as atypical bacteria such as Chlamydia, Mycoplasma, and Rickettsia. It is used to treat:
   - Acne and rosacea
   - Lyme disease
   - Chlamydia infections
   - Pelvic inflammat",2.2062920309999754,8.236877762000404,0,0,0.024390243902439025,,,,,True,1.0,1.0,0.125,1.0,1.0,0.375,1.0,1.0,0.625,0.6532137446412984,0.1111111111111111,0.018816103562781482,0.36079633353960394,0.9480667114257812,0.9804121255874634,0.9639681617530582
recursive_cs1000_co100_nomic-embed-text:latest_Qwen/Qwen3-32B-AWQ_detailed,who said tv is a vast wasteland,"Newton Norman Minow (born January 17, 1926) is an American attorney and former Chairman of the Federal Communications Commission .","Newton Norman Minow said that television is a ""vast wasteland."" He made this statement in a speech delivered to the National Association of Broadcasters convention on May 9, 1961, in which he criticized commercial television for not fulfilling its responsibility to serve the public interest.",1.9840526920002048,1.9940001120003217,0,0,1.0,,,,,True,1.0,1.0,0.125,1.0,1.0,0.375,1.0,1.0,0.625,0.6905207947937844,0.18750000000000003,0.0,0.2366255144032922,0.9514493942260742,0.9588801264762878,0.9551503084513449
